{
  "core": {
    "color": {
      "white": {
        "$type": "color",
        "$value": "#FFFFFF"
      },
      "black": {
        "$type": "color",
        "$value": "#000000"
      },
      "grey": {
        "50": {
          "$type": "color",
          "$value": "#f8fafc"
        },
        "100": {
          "$type": "color",
          "$value": "#eef2f6"
        },
        "300": {
          "$type": "color",
          "$value": "#cbd5e1"
        },
        "700": {
          "$type": "color",
          "$value": "#334155"
        }
      },
      "blue": {
        "500": {
          "$type": "color",
          "$value": "#024ddf"
        }
      },
      "red": {
        "500": {
          "$type": "color",
          "$value": "#ff1e1e"
        }
      }
    },
    "space": {
      "1": {
        "$type": "spacing",
        "$value": "4px"
      },
      "2": {
        "$type": "spacing",
        "$value": "8px"
      },
      "3": {
        "$type": "spacing",
        "$value": "12px"
      },
      "4": {
        "$type": "spacing",
        "$value": "16px"
      },
      "5": {
        "$type": "spacing",
        "$value": "20px"
      },
      "6": {
        "$type": "spacing",
        "$value": "24px"
      }
    },
    "radius": {
      "sm": {
        "$type": "radius",
        "$value": "6px"
      },
      "md": {
        "$type": "radius",
        "$value": "10px"
      }
    },
    "elevation": {
      "1": {
        "$type": "shadow",
        "$value": "0 1px 2px rgba(0,0,0,0.06)"
      },
      "2": {
        "$type": "shadow",
        "$value": "0 2px 6px rgba(0,0,0,0.10)"
      },
      "3": {
        "$type": "shadow",
        "$value": "0 6px 12px rgba(0,0,0,0.14)"
      }
    },
    "typography": {
      "font-family": {
        "01": {
          "$type": "fontFamilies",
          "$value": "Averta, sans-serif"
        }
      },
      "font-weight": {
        "light": {
          "$type": "fontWeights",
          "$value": "300"
        },
        "regular": {
          "$type": "fontWeights",
          "$value": "400"
        },
        "semibold": {
          "$type": "fontWeights",
          "$value": "600"
        },
        "bold": {
          "$type": "fontWeights",
          "$value": "700"
        },
        "black": {
          "$type": "fontWeights",
          "$value": "900"
        }
      },
      "font-size": {
        "25": {
          "$type": "fontSizes",
          "$value": "{core.typography.font-size.100} * 0.625"
        },
        "50": {
          "$type": "fontSizes",
          "$value": "{core.typography.font-size.100} * 0.75"
        },
        "75": {
          "$type": "fontSizes",
          "$value": "{core.typography.font-size.100} * 0.875"
        },
        "100": {
          "$type": "fontSizes",
          "$value": "16"
        },
        "150": {
          "$type": "fontSizes",
          "$value": "{core.typography.font-size.100}*1.125"
        },
        "175": {
          "$type": "fontSizes",
          "$value": "{core.typography.font-size.100} * 1.25"
        },
        "200": {
          "$type": "fontSizes",
          "$value": "{core.typography.font-size.100}*1.5"
        },
        "250": {
          "$type": "fontSizes",
          "$value": "{core.typography.font-size.100}*1.75"
        },
        "300": {
          "$type": "fontSizes",
          "$value": "{core.typography.font-size.100}*2"
        },
        "350": {
          "$type": "fontSizes",
          "$value": "{core.typography.font-size.100}*2.125"
        },
        "400": {
          "$type": "fontSizes",
          "$value": "{core.typography.font-size.100}*2.25"
        },
        "450": {
          "$type": "fontSizes",
          "$value": "{core.typography.font-size.100}*2.5"
        },
        "500": {
          "$type": "fontSizes",
          "$value": "{core.typography.font-size.100}*2.75"
        },
        "550": {
          "$type": "fontSizes",
          "$value": "{core.typography.font-size.100}*3"
        },
        "600": {
          "$type": "fontSizes",
          "$value": "{core.typography.font-size.100}*3.125"
        },
        "650": {
          "$type": "fontSizes",
          "$value": "{core.typography.font-size.100} * 3.5"
        },
        "700": {
          "$type": "fontSizes",
          "$value": "{core.typography.font-size.100} * 4"
        },
        "750": {
          "$type": "fontSizes",
          "$value": "{core.typography.font-size.100} * 4.5"
        },
        "800": {
          "$type": "fontSizes",
          "$value": "{core.typography.font-size.100} * 5"
        },
        "850": {
          "$type": "fontSizes",
          "$value": "{core.typography.font-size.100} * 5.5"
        },
        "900": {
          "$type": "fontSizes",
          "$value": "{core.typography.font-size.100} * 6"
        }
      },
      "line-height": {
        "25": {
          "$type": "lineHeights",
          "$value": "{core.typography.line-height.100}*0.625"
        },
        "50": {
          "$type": "lineHeights",
          "$value": "{core.typography.line-height.100}*0.75"
        },
        "75": {
          "$type": "lineHeights",
          "$value": "{core.typography.line-height.100}*0.875"
        },
        "100": {
          "$type": "lineHeights",
          "$value": "16"
        },
        "150": {
          "$type": "lineHeights",
          "$value": "{core.typography.line-height.100}*1.125"
        },
        "175": {
          "$type": "lineHeights",
          "$value": "{core.typography.line-height.100}*1.25"
        },
        "200": {
          "$type": "lineHeights",
          "$value": "{core.typography.line-height.100}*1.5"
        },
        "250": {
          "$type": "lineHeights",
          "$value": "{core.typography.line-height.100}*1.75"
        },
        "300": {
          "$type": "lineHeights",
          "$value": "{core.typography.line-height.100}*2"
        },
        "350": {
          "$type": "lineHeights",
          "$value": "{core.typography.line-height.100}*2.125"
        },
        "400": {
          "$type": "lineHeights",
          "$value": "{core.typography.line-height.100}*2.25"
        },
        "450": {
          "$type": "lineHeights",
          "$value": "{core.typography.line-height.100}*2.5"
        },
        "500": {
          "$type": "lineHeights",
          "$value": "{core.typography.line-height.100}*2.75"
        },
        "550": {
          "$type": "lineHeights",
          "$value": "{core.typography.line-height.100}*3"
        },
        "600": {
          "$type": "lineHeights",
          "$value": "{core.typography.line-height.100}*3.125"
        },
        "650": {
          "$type": "lineHeights",
          "$value": "{core.typography.line-height.100}*3.25"
        },
        "700": {
          "$type": "lineHeights",
          "$value": "{core.typography.line-height.100}*3.375"
        },
        "800": {
          "$type": "lineHeights",
          "$value": "{core.typography.line-height.100}*4"
        },
        "full": {
          "$type": "lineHeights",
          "$value": "100%"
        }
      },
      "letter-spacing": {
        "100": {
          "$type": "letterSpacing",
          "$value": "1%"
        },
        "300": {
          "$type": "letterSpacing",
          "$value": "3%"
        },
        "800": {
          "$type": "letterSpacing",
          "$value": "15%"
        },
        "neg-300": {
          "$type": "letterSpacing",
          "$value": "-3%"
        },
        "neg-200": {
          "$type": "letterSpacing",
          "$value": "-1.20%"
        },
        "neg-100": {
          "$type": "letterSpacing",
          "$value": "-0.50%"
        }
      }
    }
  }
}