{
  "semantic": {
    "color": {
      "bg": {
        "$type": "color",
        "$value": "{core.color.white}"
      },
      "fg": {
        "$type": "color",
        "$value": "{core.color.black}"
      },
      "fg-muted": {
        "$type": "color",
        "$value": "{core.color.grey.700}"
      },
      "surface": {
        "$type": "color",
        "$value": "{core.color.white}"
      },
      "border": {
        "$type": "color",
        "$value": "{core.color.grey.300}"
      },
      "accent": {
        "$type": "color",
        "$value": "{core.color.blue.500}"
      },
      "accent-subtle": {
        "$type": "color",
        "$value": "{core.color.grey.100}"
      },
      "btn-bg": {
        "$type": "color",
        "$value": "{core.color.blue.500}"
      },
      "btn-fg": {
        "$type": "color",
        "$value": "{core.color.white}"
      },
      "btn-secondary-bg": {
        "$type": "color",
        "$value": "{core.color.grey.50}"
      },
      "btn-secondary-fg": {
        "$type": "color",
        "$value": "{core.color.black}"
      }
    },
    "typography": {
      "display": {
        "large": {
          "$type": "typography",
          "$value": {
            "fontFamily": "{core.typography.font-family.01}",
            "fontWeight": "{core.typography.font-weight.black}",
            "fontSize": "{core.typography.font-size.900}",
            "lineHeight": "{core.typography.line-height.full}",
            "letterSpacing": "{core.typography.letter-spacing.neg-300}",
            "textCase": "uppercase"
          }
        },
        "medium": {
          "$type": "typography",
          "$value": {
            "fontFamily": "{core.typography.font-family.01}",
            "fontWeight": "{core.typography.font-weight.black}",
            "fontSize": "{core.typography.font-size.750}",
            "lineHeight": "{core.typography.line-height.full}",
            "letterSpacing": "{core.typography.letter-spacing.neg-300}",
            "textCase": "uppercase"
          }
        },
        "small": {
          "$type": "typography",
          "$value": {
            "fontFamily": "{core.typography.font-family.01}",
            "fontWeight": "{core.typography.font-weight.black}",
            "fontSize": "{core.typography.font-size.700}",
            "lineHeight": "{core.typography.line-height.full}",
            "letterSpacing": "{core.typography.letter-spacing.neg-300}",
            "textCase": "uppercase"
          }
        }
      },
      "heading": {
        "large": {
          "$type": "typography",
          "$value": {
            "fontFamily": "{core.typography.font-family.01}",
            "fontWeight": "{core.typography.font-weight.black}",
            "fontSize": "{core.typography.font-size.600}",
            "lineHeight": "{core.typography.line-height.full}",
            "textCase": "uppercase",
            "letterSpacing": "{core.typography.letter-spacing.neg-200}"
          }
        },
        "medium": {
          "$type": "typography",
          "$value": {
            "fontFamily": "{core.typography.font-family.01}",
            "fontWeight": "{core.typography.font-weight.black}",
            "fontSize": "{core.typography.font-size.500}",
            "lineHeight": "{core.typography.line-height.full}",
            "textCase": "uppercase",
            "letterSpacing": "{core.typography.letter-spacing.neg-200}"
          }
        },
        "small": {
          "$type": "typography",
          "$value": {
            "fontFamily": "{core.typography.font-family.01}",
            "fontWeight": "{core.typography.font-weight.black}",
            "fontSize": "{core.typography.font-size.400}",
            "lineHeight": "{core.typography.line-height.full}",
            "textCase": "uppercase",
            "letterSpacing": "{core.typography.letter-spacing.neg-200}"
          }
        }
      },
      "title": {
        "large": {
          "$type": "typography",
          "$value": {
            "fontFamily": "{core.typography.font-family.01}",
            "fontWeight": "{core.typography.font-weight.black}",
            "fontSize": "{core.typography.font-size.300}",
            "lineHeight": "{core.typography.line-height.full}",
            "textCase": "uppercase",
            "letterSpacing": "{core.typography.letter-spacing.neg-200}"
          }
        },
        "medium": {
          "$type": "typography",
          "$value": {
            "fontFamily": "{core.typography.font-family.01}",
            "fontWeight": "{core.typography.font-weight.black}",
            "fontSize": "{core.typography.font-size.250}",
            "lineHeight": "{core.typography.line-height.full}",
            "textCase": "uppercase",
            "letterSpacing": "{core.typography.letter-spacing.neg-200}"
          }
        },
        "small": {
          "$type": "typography",
          "$value": {
            "fontFamily": "{core.typography.font-family.01}",
            "fontWeight": "{core.typography.font-weight.black}",
            "fontSize": "{core.typography.font-size.200}",
            "lineHeight": "{core.typography.line-height.full}",
            "textCase": "uppercase",
            "letterSpacing": "{core.typography.letter-spacing.neg-200}"
          }
        }
      },
      "label": {
        "large": {
          "$type": "typography",
          "$value": {
            "fontFamily": "{core.typography.font-family.01}",
            "fontWeight": "{core.typography.font-weight.semibold}",
            "fontSize": "{core.typography.font-size.150}",
            "lineHeight": "{core.typography.line-height.full}"
          }
        },
        "medium": {
          "$type": "typography",
          "$value": {
            "fontFamily": "{core.typography.font-family.01}",
            "fontWeight": "{core.typography.font-weight.semibold}",
            "fontSize": "{core.typography.font-size.100}",
            "lineHeight": "{core.typography.line-height.full}"
          }
        },
        "small": {
          "$type": "typography",
          "$value": {
            "fontFamily": "{core.typography.font-family.01}",
            "fontWeight": "{core.typography.font-weight.semibold}",
            "fontSize": "{core.typography.font-size.75}",
            "lineHeight": "{core.typography.line-height.full}"
          }
        }
      },
      "body": {
        "regular": {
          "large": {
            "$type": "typography",
            "$value": {
              "fontFamily": "{core.typography.font-family.01}",
              "fontWeight": "{core.typography.font-weight.regular}",
              "fontSize": "{core.typography.font-size.150}",
              "lineHeight": "{core.typography.line-height.200}"
            }
          },
          "medium": {
            "$type": "typography",
            "$value": {
              "fontFamily": "{core.typography.font-family.01}",
              "fontWeight": "{core.typography.font-weight.regular}",
              "fontSize": "{core.typography.font-size.100}",
              "lineHeight": "{core.typography.line-height.200}"
            }
          },
          "small": {
            "$type": "typography",
            "$value": {
              "fontFamily": "{core.typography.font-family.01}",
              "fontWeight": "{core.typography.font-weight.regular}",
              "fontSize": "{core.typography.font-size.75}",
              "lineHeight": "{core.typography.line-height.200}"
            }
          }
        },
        "bold": {
          "large": {
            "$type": "typography",
            "$value": {
              "fontFamily": "{core.typography.font-family.01}",
              "fontWeight": "{core.typography.font-weight.bold}",
              "fontSize": "{core.typography.font-size.150}",
              "lineHeight": "{core.typography.line-height.200}"
            }
          },
          "medium": {
            "$type": "typography",
            "$value": {
              "fontFamily": "{core.typography.font-family.01}",
              "fontWeight": "{core.typography.font-weight.bold}",
              "fontSize": "{core.typography.font-size.100}",
              "lineHeight": "{core.typography.line-height.200}"
            }
          },
          "small": {
            "$type": "typography",
            "$value": {
              "fontFamily": "{core.typography.font-family.01}",
              "fontWeight": "{core.typography.font-weight.bold}",
              "fontSize": "{core.typography.font-size.75}",
              "lineHeight": "{core.typography.line-height.200}"
            }
          }
        }
      },
      "caption": {
        "$type": "typography",
        "$value": {
          "fontFamily": "{core.typography.font-family.01}",
          "fontWeight": "{core.typography.font-weight.regular}",
          "fontSize": "{core.typography.font-size.50}",
          "lineHeight": "{core.typography.line-height.150}",
          "textCase": "uppercase"
        }
      }
    }
  },
  "space": {
    "1": {
      "$type": "spacing",
      "$value": "{core.space.1}"
    },
    "2": {
      "$type": "spacing",
      "$value": "{core.space.2}"
    },
    "3": {
      "$type": "spacing",
      "$value": "{core.space.3}"
    },
    "4": {
      "$type": "spacing",
      "$value": "{core.space.4}"
    },
    "5": {
      "$type": "spacing",
      "$value": "{core.space.5}"
    },
    "6": {
      "$type": "spacing",
      "$value": "{core.space.6}"
    }
  },
  "radius": {
    "sm": {
      "$type": "radius",
      "$value": "{core.radius.sm}"
    },
    "md": {
      "$type": "radius",
      "$value": "{core.radius.md}"
    }
  },
  "elevation": {
    "1": {
      "$type": "shadow",
      "$value": "{core.elevation.1}"
    },
    "2": {
      "$type": "shadow",
      "$value": "{core.elevation.2}"
    },
    "3": {
      "$type": "shadow",
      "$value": "{core.elevation.3}"
    }
  }
}